target,model,seed,epochs,seconds,val_mae,val_rmse,val_mape,val_r2,mae,rmse,mape,r2
CO2 Mass (short tons),ANN,42,34,32.848291873931885,47.3223876953125,91.72984920065551,3.182474136352539,0.9804192781448364,54.161224365234375,106.01853924697558,3.4966635704040527,0.9779985547065735
CO2 Mass (short tons),ANN,43,36,34.35138297080994,47.59184265136719,92.34836071399698,3.227797508239746,0.9801543354988098,53.99319076538086,106.69899615858624,3.5165791511535645,0.9777151942253113
CO2 Mass (short tons),ANN,44,53,50.23136591911316,47.834259033203125,91.27360567957201,3.23451828956604,0.9806135296821594,54.28268814086914,106.03486952265986,3.514636278152466,0.9779917597770691
CO2 Mass (short tons),ANN,45,48,48.687216997146606,47.844635009765625,91.83368543867768,3.2411861419677734,0.9803749322891235,53.740718841552734,105.29995288757256,3.499255657196045,0.9782958030700684
CO2 Mass (short tons),ANN,46,52,51.491438150405884,47.14262008666992,91.52787848007021,3.183854341506958,0.9805054068565369,53.782676696777344,106.27348086129014,3.477003335952759,0.9778926372528076
CO2 Mass (short tons),Transformer,42,29,345.55746483802795,47.00126647949219,92.23130844682026,3.1732981204986572,0.9802045822143555,53.87677001953125,107.22210174009135,3.4791150093078613,0.9774962067604065
CO2 Mass (short tons),Transformer,43,33,412.2389340400696,47.605716705322266,93.03089309639299,3.2218165397644043,0.9798598885536194,52.967559814453125,106.38406064526302,3.47929048538208,0.9778465628623962
CO2 Mass (short tons),Transformer,44,33,402.9173879623413,48.25006103515625,93.28469947558388,3.251922607421875,0.979749858379364,54.529335021972656,107.05300873720225,3.5407211780548096,0.9775670766830444
CO2 Mass (short tons),Transformer,45,29,354.79263377189636,46.624141693115234,92.98735633138519,3.1452481746673584,0.9798787236213684,53.299495697021484,109.34269612238624,3.4749202728271484,0.976597249507904
CO2 Mass (short tons),Transformer,46,31,378.465518951416,46.77986145019531,92.17329869429378,3.14855694770813,0.9802294969558716,53.247703552246094,107.17881251237345,3.4506969451904297,0.9775143265724182
NOx Mass (lbs),ANN,42,29,28.953957319259644,91.25342559814453,211.45904967037944,6.1609086990356445,0.9325541257858276,103.12024688720703,249.31159124928388,5.752862930297852,0.9537900686264038
NOx Mass (lbs),ANN,43,30,28.806318998336792,91.91429901123047,211.3669886861475,6.199735641479492,0.9326128363609314,103.74942779541016,250.04482410659892,5.811114311218262,0.9535178542137146
NOx Mass (lbs),ANN,44,31,30.413233041763306,91.53266906738281,211.504201716538,6.1550445556640625,0.9325253367424011,103.3299789428711,250.6612660793446,5.7267937660217285,0.9532884359359741
NOx Mass (lbs),ANN,45,39,38.602200984954834,92.19557189941406,211.79787497458514,6.188596725463867,0.9323378205299377,103.19139099121094,250.5534966578994,5.737618446350098,0.953328549861908
NOx Mass (lbs),ANN,46,33,33.1059787273407,91.08550262451172,211.68036783084065,6.140577793121338,0.93241286277771,102.1519775390625,249.11629751483542,5.676949977874756,0.9538624286651611
NOx Mass (lbs),Transformer,42,30,374.6710352897644,91.52378845214844,212.8274866235562,6.035760879516602,0.9316783547401428,105.56686401367188,254.80753306417375,5.6767578125,0.9517303109169006
NOx Mass (lbs),Transformer,43,23,286.85092091560364,92.50135803222656,214.01051376042253,6.205188751220703,0.9309167265892029,105.42554473876953,252.8155361375167,5.845418453216553,0.9524820446968079
NOx Mass (lbs),Transformer,44,24,289.03340315818787,91.08638763427734,214.3680483566756,6.054342746734619,0.9306856989860535,103.55213928222656,253.3819452057506,5.673528671264648,0.9522688984870911
NOx Mass (lbs),Transformer,45,35,421.15143609046936,90.9640121459961,212.6659921537762,6.068993091583252,0.9317820072174072,105.17815399169922,256.50092897005266,5.738142967224121,0.9510865807533264
NOx Mass (lbs),Transformer,46,34,1083.97447514534,90.71955108642578,212.57316755061066,6.006621360778809,0.9318415522575378,103.94215393066406,252.1916356538218,5.63983154296875,0.9527162909507751
