target,model,metric,mean,std,best_seed,ensemble,persistence
CO2 Mass (short tons),ANN,mae,53.99209976196289,0.23457211846973866,53.740718841552734,53.28619384765625,53.20573043823242
CO2 Mass (short tons),ANN,rmse,106.06516773541686,0.5083745640323786,105.29995288757256,105.10293503573057,119.4601258985085
CO2 Mass (short tons),ANN,mape,3.500827598571777,0.016017152213402632,3.477003335952759,3.451775074005127,3.374279260635376
CO2 Mass (short tons),ANN,r2,0.977978789806366,0.00021092722300575524,0.9782958030700684,0.9783769249916077,0.9720659852027893
CO2 Mass (short tons),Transformer,mae,53.58417282104492,0.6231791356245521,52.967559814453125,52.50769805908203,53.20573043823242
CO2 Mass (short tons),Transformer,rmse,107.43613595146326,1.118106277765693,106.38406064526302,105.81686992600707,119.4601258985085
CO2 Mass (short tons),Transformer,mape,3.4849487781524657,0.03335554192032328,3.4506969451904297,3.418625831604004,3.374279260635376
CO2 Mass (short tons),Transformer,r2,0.9774042844772339,0.00047275148937679455,0.9778465628623962,0.9780821800231934,0.9720659852027893
NOx Mass (lbs),ANN,mae,103.10860443115234,0.5877468482680724,102.1519775390625,101.84272766113281,102.32424926757812
NOx Mass (lbs),ANN,rmse,249.93749512159243,0.7037298788872837,249.11629751483542,248.73025204275012,264.0620340232575
NOx Mass (lbs),ANN,mape,5.741067886352539,0.04840552662985774,5.676949977874756,5.664151668548584,5.576440811157227
NOx Mass (lbs),ANN,r2,0.9535574674606323,0.00026146466117954014,0.9538624286651611,0.9540053606033325,0.9481603503227234
NOx Mass (lbs),Transformer,mae,104.73297119140625,0.9210020386561178,103.55213928222656,102.77594757080078,102.32424926757812
NOx Mass (lbs),Transformer,rmse,253.93951580626313,1.7279750904797864,252.1916356538218,250.56832276846168,264.0620340232575
NOx Mass (lbs),Transformer,mape,5.714735889434815,0.08120476285862381,5.63983154296875,5.621090412139893,5.576440811157227
NOx Mass (lbs),Transformer,r2,0.9520568251609802,0.0006535800714865358,0.9527162909507751,0.9533230662345886,0.9481603503227234
